issuer,brand,card_name,network
Amex,Amazon,Amazon Business Card,Amex
Amex,Amazon,Amazon Business Prime Card,Amex
Amex,Blue Business,Blue Business Cash™ Card,Amex
Amex,Blue Business,Blue Business® Plus Credit Card,Amex
Amex,Blue Cash,Blue Cash Everyday® Card,Amex
Amex,Blue Cash,Blue Cash Preferred® Card,Amex
Amex,Delta,Delta SkyMiles® Blue American Express Card,Amex
Amex,Delta,Delta SkyMiles® Gold American Express Card,Amex
Amex,Delta,Delta SkyMiles® Gold Business American Express Card,Amex
Amex,Delta,Delta SkyMiles® Platinum American Express Card,Amex
Amex,Delta,Delta SkyMiles® Platinum Business American Express Card,Amex
Amex,Delta,Delta SkyMiles® Reserve American Express Card,Amex
Amex,Delta,Delta SkyMiles® Reserve Business American Express Card,Amex
Amex,EveryDay,American Express® EveryDay® Credit Card,Amex
Amex,EveryDay,American Express® EveryDay® Preferred Credit Card,Amex
Amex,Gold,American Express® Business Gold Card,Amex
Amex,Gold,American Express® Gold Card,Amex
Amex,Green,American Express® Green Card,Amex
Amex,Green,Business Green Rewards Card,Amex
Amex,Hilton,Hilton Honors American Express Aspire Card,Amex
Amex,Hilton,Hilton Honors American Express Business Card,Amex
Amex,Hilton,Hilton Honors American Express Card,Amex
Amex,Hilton,Hilton Honors American Express Surpass® Card,Amex
Amex,Marriott,Marriott Bonvoy Bevy™ American Express® Card,Amex
Amex,Marriott,Marriott Bonvoy Brilliant™ American Express® Card,Amex
Amex,Marriott,Marriott Bonvoy Business® American Express Card,Amex
Amex,Platinum,The Business Platinum Card® from American Express,Amex
Amex,Platinum,The Platinum Card® from American Express,Amex
Amex,Plum,Plum Card®,Amex
